{
    "hitboxes": {
        "play": {
            "height": 63.292999267578125,
            "width": 74.98500061035156,
            "x": 183.66200256347656,
            "y": 341.6650085449219
        },
        "skip": {
            "height": 70.63400268554688,
            "width": 55.95199966430664,
            "x": 263.2139892578125,
            "y": 340.3139953613281
        }
    },
    "image": "skin.png"
}